-- Adminer 4.7.9 MySQL dump

SET NAMES utf8;
SET time_zone = '+00:00';
SET foreign_key_checks = 0;
SET sql_mode = 'NO_AUTO_VALUE_ON_ZERO';

SET NAMES utf8mb4;

DROP TABLE IF EXISTS `assets`;
CREATE TABLE `assets` (
  `id` bigint unsigned NOT NULL AUTO_INCREMENT,
  `data_id` bigint unsigned NOT NULL,
  `no_persil` varchar(5) CHARACTER SET utf8mb4 COLLATE utf8mb4_unicode_ci NOT NULL,
  `kelas_desa` varchar(20) CHARACTER SET utf8mb4 COLLATE utf8mb4_unicode_ci NOT NULL,
  `ha` varchar(5) CHARACTER SET utf8mb4 COLLATE utf8mb4_unicode_ci NOT NULL,
  `da` varchar(5) CHARACTER SET utf8mb4 COLLATE utf8mb4_unicode_ci NOT NULL,
  `R` varchar(5) CHARACTER SET utf8mb4 COLLATE utf8mb4_unicode_ci NOT NULL,
  `S` varchar(5) CHARACTER SET utf8mb4 COLLATE utf8mb4_unicode_ci NOT NULL,
  `alasan` text CHARACTER SET utf8mb4 COLLATE utf8mb4_unicode_ci,
  `type` varchar(20) CHARACTER SET utf8mb4 COLLATE utf8mb4_unicode_ci NOT NULL,
  `created_at` timestamp NULL DEFAULT NULL,
  `updated_at` timestamp NULL DEFAULT NULL,
  PRIMARY KEY (`id`),
  KEY `assets_data_id_foreign` (`data_id`),
  CONSTRAINT `assets_data_id_foreign` FOREIGN KEY (`data_id`) REFERENCES `data` (`id`)
) ENGINE=InnoDB DEFAULT CHARSET=utf8mb4 COLLATE=utf8mb4_unicode_ci;

INSERT INTO `assets` (`id`, `data_id`, `no_persil`, `kelas_desa`, `ha`, `da`, `R`, `S`, `alasan`, `type`, `created_at`, `updated_at`) VALUES
(9,	8,	'1a',	'Sawah-III (Tiga)',	'0',	'980',	'2',	'84',	'-',	'Sawah',	'2022-07-17 03:57:41',	'2022-07-17 04:04:16'),
(10,	9,	'1a',	'Sawah-III (Tiga)',	'0',	'159',	'0',	'46',	'-',	'Sawah',	'2022-07-17 04:11:14',	'2022-07-17 04:11:14'),
(11,	10,	'1a',	'Sawah-III (Tiga)',	'1',	'013',	'2',	'94',	'-',	'Sawah',	'2022-07-17 04:12:51',	'2022-07-17 04:12:51'),
(12,	11,	'1a',	'Sawah-III (Tiga)',	'0',	'284',	'0',	'82',	'-',	'Sawah',	'2022-07-17 04:15:38',	'2022-07-17 04:15:38'),
(13,	11,	'1a',	'Sawah-III (Tiga)',	'0',	'031',	'0',	'09',	'-',	'Sawah',	'2022-07-17 04:17:53',	'2022-07-17 04:17:53'),
(14,	12,	'1a',	'Sawah-III (Tiga)',	'0',	'282',	'0',	'82',	'-',	'Sawah',	'2022-07-17 04:19:36',	'2022-07-17 04:19:36'),
(15,	12,	'1a',	'Sawah-III (Tiga)',	'0',	'044',	'0',	'13',	'-',	'Sawah',	'2022-07-17 04:20:09',	'2022-07-17 04:20:09'),
(16,	13,	'1a',	'Sawah-III (Tiga)',	'0',	'286',	'0',	'83',	'-',	'Sawah',	'2022-07-17 04:22:25',	'2022-07-17 04:22:58'),
(17,	13,	'1a',	'Sawah-III (Tiga)',	'0',	'031',	'0',	'009',	'-',	'Sawah',	'2022-07-17 04:22:46',	'2022-07-17 04:22:46'),
(18,	14,	'1b',	'Sawah-II (Dua)',	'0',	'357',	'0',	'46',	'-',	'Sawah',	'2022-07-17 04:24:49',	'2022-07-17 04:24:49'),
(19,	15,	'1b',	'Sawah-II (Dua)',	'0',	'864',	'1',	'12',	'-',	'Sawah',	'2022-07-17 04:26:10',	'2022-07-17 04:26:10'),
(20,	16,	'1b',	'Sawah-II (Dua)',	'1',	'036',	'1',	'35',	'-',	'Sawah',	'2022-07-17 04:27:54',	'2022-07-17 04:27:54'),
(21,	17,	'1b',	'Darat-III (Tiga)',	'0',	'628',	'0',	'82',	'-',	'Sawah',	'2022-07-17 04:29:48',	'2022-07-17 04:29:48'),
(22,	18,	'1b',	'Sawah-II (Dua)',	'0',	'656',	'0',	'85',	'-',	'Sawah',	'2022-07-17 04:31:31',	'2022-07-17 04:31:31'),
(23,	19,	'1b',	'Sawah-II (Dua)',	'0',	'490',	'0',	'64',	'-',	'Sawah',	'2022-07-17 04:33:04',	'2022-07-17 04:33:04'),
(24,	20,	'1b',	'Sawah-II (Dua)',	'1',	'130',	'1',	'47',	'-',	'Sawah',	'2022-07-17 04:34:27',	'2022-07-17 04:34:27'),
(25,	21,	'1b',	'Sawah-II (Dua)',	'0',	'396',	'0',	'49',	'-',	'Sawah',	'2022-07-17 04:36:39',	'2022-07-17 04:36:39'),
(26,	23,	'1b',	'Sawah-II (Dua)',	'0',	'256',	'0',	'33',	'-',	'Sawah',	'2022-07-17 04:39:37',	'2022-07-17 04:39:37'),
(27,	23,	'1b',	'Sawah-II (Dua)',	'0',	'150',	'0',	'20',	'-',	'Sawah',	'2022-07-17 04:40:11',	'2022-07-17 04:40:11'),
(28,	24,	'1b',	'Sawah-II (Dua)',	'0',	'131',	'0',	'17',	'-',	'Sawah',	'2022-07-17 04:44:24',	'2022-07-17 04:44:24'),
(29,	25,	'1b',	'Sawah-II (Dua)',	'0',	'125',	'0',	'16',	'-',	'Sawah',	'2022-07-17 04:45:28',	'2022-07-17 04:45:28'),
(30,	8,	'2b',	'Sawah-II (Dua)',	'0',	'038',	'0',	'05',	'-',	'Sawah',	'2022-07-17 04:47:00',	'2022-07-17 04:47:00'),
(31,	26,	'2b',	'Sawah-II (Dua)',	'0',	'197',	'0',	'26',	'-',	'Sawah',	'2022-07-17 04:49:49',	'2022-07-17 04:49:49'),
(32,	26,	'2b',	'Sawah-II (Dua)',	'0',	'295',	'0',	'38',	'-',	'Sawah',	'2022-07-17 04:50:13',	'2022-07-17 04:50:13'),
(33,	27,	'2b',	'Sawah-II (Dua)',	'0',	'906',	'1',	'18',	'-',	'Sawah',	'2022-07-17 04:52:50',	'2022-07-17 04:52:50'),
(34,	28,	'2b',	'Sawah-II (Dua)',	'0',	'626',	'0',	'81',	'-',	'Sawah',	'2022-07-17 23:11:13',	'2022-07-17 23:11:13'),
(35,	29,	'2b',	'Sawah-II (Dua)',	'0',	'282',	'0',	'37',	'-',	'Sawah',	'2022-07-17 23:12:43',	'2022-07-17 23:12:43'),
(36,	30,	'2b',	'Sawah-II (Dua)',	'0',	'678',	'0',	'88',	'-',	'Sawah',	'2022-07-17 23:14:21',	'2022-07-17 23:14:21'),
(37,	31,	'2b',	'Sawah-II (Dua)',	'0',	'782',	'1',	'02',	'-',	'Sawah',	'2022-07-17 23:15:55',	'2022-07-17 23:15:55'),
(38,	32,	'2b',	'Sawah-II (Dua)',	'0',	'050',	'0',	'007',	'-',	'Sawah',	'2022-07-17 23:17:36',	'2022-07-17 23:17:36'),
(39,	33,	'2b',	'Sawah-II (Dua)',	'0',	'452',	'0',	'59',	'-',	'Sawah',	'2022-07-17 23:19:36',	'2022-07-17 23:19:36'),
(40,	34,	'2b',	'Sawah-II (Dua)',	'0',	'068',	'0',	'09',	'-',	'Sawah',	'2022-07-17 23:21:03',	'2022-07-17 23:21:03'),
(41,	35,	'2b',	'Sawah-II (Dua)',	'0',	'499',	'0',	'65',	'-',	'Sawah',	'2022-07-17 23:28:01',	'2022-07-17 23:28:01'),
(42,	36,	'2b',	'Sawah-II (Dua)',	'0',	'247',	'0',	'32',	'-',	'Sawah',	'2022-07-17 23:28:46',	'2022-07-17 23:28:46'),
(43,	37,	'2b',	'Sawah-II (Dua)',	'0',	'452',	'0',	'59',	'-',	'Sawah',	'2022-07-17 23:29:41',	'2022-07-17 23:29:41'),
(44,	38,	'2b',	'Sawah-II (Dua)',	'0',	'025',	'0',	'03',	'-',	'Sawah',	'2022-07-17 23:30:35',	'2022-07-17 23:30:35'),
(45,	39,	'2b',	'Sawah-II (Dua)',	'0',	'290',	'0',	'38',	'-',	'Sawah',	'2022-07-17 23:31:16',	'2022-07-17 23:31:16'),
(46,	40,	'2b',	'Sawah-II (Dua)',	'0',	'292',	'0',	'38',	'-',	'Sawah',	'2022-07-17 23:31:53',	'2022-07-17 23:31:53'),
(47,	41,	'2b',	'Sawah-II (Dua)',	'0',	'293',	'0',	'38',	'-',	'Sawah',	'2022-07-17 23:32:37',	'2022-07-17 23:32:37'),
(48,	28,	'2e',	'Sawah-IV (Empat)',	'0',	'289',	'0',	'38',	'-',	'Sawah',	'2022-07-17 23:34:15',	'2022-07-17 23:37:18'),
(49,	29,	'2e',	'Sawah-IV (Empat)',	'0',	'083',	'0',	'11',	'-',	'Sawah',	'2022-07-17 23:36:43',	'2022-07-17 23:36:43'),
(50,	30,	'2e',	'Sawah-IV (Empat)',	'0',	'339',	'0',	'43',	'-',	'Sawah',	'2022-07-17 23:38:14',	'2022-07-17 23:38:14'),
(51,	39,	'2e',	'Sawah-IV (Empat)',	'0',	'156',	'0',	'20',	'-',	'Sawah',	'2022-07-17 23:39:15',	'2022-07-17 23:39:15'),
(52,	35,	'2e',	'Sawah-IV (Empat)',	'0',	'006',	'0',	'01',	'-',	'Sawah',	'2022-07-17 23:41:47',	'2022-07-17 23:41:47'),
(53,	36,	'2e',	'Sawah-IV (Empat)',	'0',	'050',	'0',	'07',	'-',	'Sawah',	'2022-07-17 23:42:38',	'2022-07-17 23:42:38'),
(54,	42,	'2e',	'Sawah-IV (Empat)',	'0',	'038',	'0',	'05',	'-',	'Sawah',	'2022-07-17 23:44:31',	'2022-07-17 23:44:31'),
(55,	38,	'2e',	'Sawah-IV (Empat)',	'0',	'056',	'0',	'07',	'-',	'Sawah',	'2022-07-17 23:45:11',	'2022-07-17 23:45:11'),
(56,	40,	'2e',	'Sawah-IV (Empat)',	'0',	'143',	'0',	'19',	'-',	'Sawah',	'2022-07-17 23:45:57',	'2022-07-17 23:45:57'),
(57,	43,	'3a',	'Sawah-III (Tiga)',	'0',	'548',	'1',	'59',	'-',	'Sawah',	'2022-07-17 23:51:10',	'2022-07-17 23:51:10'),
(58,	44,	'3a',	'Sawah-III (Tiga)',	'0',	'228',	'0',	'66',	'-',	'Sawah',	'2022-07-17 23:52:00',	'2022-07-17 23:52:00'),
(59,	45,	'3a',	'Sawah-III (Tiga)',	'0',	'149',	'0',	'43',	'-',	'Sawah',	'2022-07-17 23:52:45',	'2022-07-17 23:52:45'),
(60,	46,	'3a',	'Sawah-III (Tiga)',	'0',	'187',	'0',	'54',	'-',	'Sawah',	'2022-07-17 23:53:25',	'2022-07-17 23:53:25'),
(61,	47,	'3a',	'Sawah-III (Tiga)',	'0',	'196',	'0',	'57',	'-',	'Sawah',	'2022-07-17 23:54:05',	'2022-07-17 23:54:05'),
(62,	48,	'3a',	'Sawah-III (Tiga)',	'0',	'308',	'0',	'89',	'-',	'Sawah',	'2022-07-17 23:54:52',	'2022-07-17 23:54:52'),
(63,	49,	'3a',	'Sawah-III (Tiga)',	'0',	'198',	'0',	'57',	'-',	'Sawah',	'2022-07-18 00:46:54',	'2022-07-18 00:46:54'),
(64,	50,	'3a',	'Sawah-III (Tiga)',	'0',	'235',	'0',	'68',	'-',	'Sawah',	'2022-07-18 00:47:35',	'2022-07-18 00:47:35'),
(65,	51,	'3a',	'Sawah-III (Tiga)',	'0',	'393',	'1',	'14',	'-',	'Sawah',	'2022-07-18 00:48:29',	'2022-07-18 00:48:29'),
(66,	52,	'3a',	'Sawah-III (Tiga)',	'0',	'119',	'0',	'35',	'-',	'Sawah',	'2022-07-18 00:49:13',	'2022-07-18 00:49:13'),
(67,	53,	'3a',	'Sawah-III (Tiga)',	'0',	'835',	'2',	'43',	'-',	'Sawah',	'2022-07-18 00:49:55',	'2022-07-18 00:49:55'),
(68,	54,	'3a',	'Sawah-III (Tiga)',	'0',	'349',	'1',	'01',	'-',	'Sawah',	'2022-07-18 00:50:40',	'2022-07-18 00:50:40'),
(69,	55,	'3a',	'Sawah-III (Tiga)',	'0',	'368',	'1',	'07',	'-',	'Sawah',	'2022-07-18 00:51:17',	'2022-07-18 00:51:17'),
(70,	56,	'3a',	'Sawah-III (Tiga)',	'0',	'263',	'0',	'76',	'-',	'Sawah',	'2022-07-18 00:51:54',	'2022-07-18 00:51:54'),
(71,	57,	'3a',	'Sawah-III (Tiga)',	'0',	'349',	'1',	'01',	'-',	'Sawah',	'2022-07-18 00:52:30',	'2022-07-18 00:52:30'),
(72,	58,	'3b',	'Sawah-IV (Empat)',	'0',	'399',	'0',	'52',	'-',	'Sawah',	'2022-07-18 01:02:30',	'2022-07-18 01:02:30'),
(73,	59,	'3b',	'Sawah-IV (Empat)',	'0',	'862',	'1',	'12',	'-',	'Sawah',	'2022-07-18 01:03:10',	'2022-07-18 01:03:10'),
(74,	60,	'3b',	'Sawah-IV (Empat)',	'0',	'874',	'1',	'14',	'-',	'Sawah',	'2022-07-18 01:04:06',	'2022-07-18 01:04:06'),
(75,	69,	'3b',	'Sawah-IV (Empat)',	'0',	'446',	'0',	'58',	'-',	'Sawah',	'2022-07-18 01:06:26',	'2022-07-18 01:06:26'),
(76,	61,	'3b',	'Sawah-IV (Empat)',	'0',	'902',	'1',	'17',	'-',	'Sawah',	'2022-07-18 01:07:05',	'2022-07-18 01:07:05'),
(77,	62,	'3b',	'Sawah-IV (Empat)',	'0',	'509',	'0',	'66',	'-',	'Sawah',	'2022-07-18 01:07:40',	'2022-07-18 01:07:40'),
(78,	63,	'3b',	'Sawah-IV (Empat)',	'0',	'467',	'0',	'61',	'-',	'Sawah',	'2022-07-18 01:08:19',	'2022-07-18 01:08:19'),
(79,	64,	'3b',	'Sawah-IV (Empat)',	'0',	'293',	'0',	'38',	'-',	'Sawah',	'2022-07-18 01:08:55',	'2022-07-18 01:08:55'),
(80,	65,	'3b',	'Sawah-IV (Empat)',	'0',	'290',	'0',	'38',	'-',	'Sawah',	'2022-07-18 01:09:34',	'2022-07-18 01:09:34'),
(81,	66,	'3b',	'Sawah-IV (Empat)',	'0',	'291',	'0',	'38',	'-',	'Sawah',	'2022-07-18 01:10:18',	'2022-07-18 01:10:18'),
(82,	67,	'3b',	'Sawah-IV (Empat)',	'0',	'831',	'1',	'08',	'-',	'Sawah',	'2022-07-18 01:11:01',	'2022-07-18 01:11:01'),
(83,	68,	'3b',	'Sawah-IV (Empat)',	'0',	'991',	'1',	'29',	'-',	'Sawah',	'2022-07-18 01:11:40',	'2022-07-18 01:11:40'),
(84,	43,	'3e',	'Sawah-IV (Empat)',	'0',	'274',	'0',	'36',	'-',	'Sawah',	'2022-07-18 01:14:20',	'2022-07-18 01:14:20'),
(85,	44,	'3e',	'Sawah-IV (Empat)',	'0',	'094',	'0',	'12',	'-',	'Sawah',	'2022-07-18 01:15:21',	'2022-07-18 01:15:21'),
(86,	45,	'3e',	'Sawah-IV (Empat)',	'0',	'134',	'0',	'17',	'-',	'Sawah',	'2022-07-18 01:16:01',	'2022-07-18 01:16:01'),
(87,	46,	'3e',	'Sawah-IV (Empat)',	'0',	'079',	'0',	'10',	'-',	'Sawah',	'2022-07-18 01:16:54',	'2022-07-18 01:16:54'),
(88,	47,	'3e',	'Sawah-IV (Empat)',	'0',	'170',	'0',	'22',	'-',	'Sawah',	'2022-07-18 01:17:34',	'2022-07-18 01:17:34'),
(89,	48,	'3e',	'Sawah-IV (Empat)',	'0',	'112',	'0',	'15',	'-',	'Sawah',	'2022-07-18 01:18:37',	'2022-07-18 01:18:37'),
(90,	49,	'3e',	'Sawah-IV (Empat)',	'0',	'028',	'0',	'13',	'-',	'Sawah',	'2022-07-18 01:19:16',	'2022-07-18 01:19:16'),
(91,	50,	'3e',	'Sawah-IV (Empat)',	'0',	'105',	'0',	'14',	'-',	'Sawah',	'2022-07-18 01:20:01',	'2022-07-18 01:20:01'),
(92,	51,	'3e',	'Sawah-IV (Empat)',	'0',	'320',	'0',	'42',	'-',	'Sawah',	'2022-07-18 01:22:36',	'2022-07-18 01:22:36'),
(93,	52,	'3e',	'Sawah-IV (Empat)',	'0',	'164',	'0',	'21',	'-',	'Sawah',	'2022-07-18 01:23:14',	'2022-07-18 01:23:14'),
(94,	53,	'3e',	'Sawah-IV (Empat)',	'0',	'422',	'0',	'54',	'-',	'Sawah',	'2022-07-18 01:23:58',	'2022-07-18 01:23:58'),
(95,	55,	'3e',	'Sawah-IV (Empat)',	'0',	'181',	'0',	'24',	'-',	'Sawah',	'2022-07-18 01:39:18',	'2022-07-18 01:39:18'),
(96,	54,	'3e',	'Sawah-IV (Empat)',	'0',	'161',	'0',	'21',	'-',	'Sawah',	'2022-07-18 01:40:14',	'2022-07-18 01:40:14'),
(97,	61,	'3e',	'Sawah-IV (Empat)',	'0',	'090',	'0',	'12',	'-',	'Sawah',	'2022-07-18 01:40:50',	'2022-07-18 01:40:50'),
(98,	70,	'4a',	'Sawah-III (Tiga)',	'0',	'944',	'2',	'74',	'-',	'Sawah',	'2022-07-18 01:41:49',	'2022-07-18 01:41:49'),
(99,	71,	'4a',	'Sawah-III (Tiga)',	'1',	'255',	'3',	'63',	'-',	'Sawah',	'2022-07-18 01:42:24',	'2022-07-18 01:42:24'),
(100,	72,	'4a',	'Sawah-III (Tiga)',	'0',	'312',	'0',	'91',	'-',	'Sawah',	'2022-07-18 01:42:55',	'2022-07-18 01:42:55'),
(101,	73,	'4a',	'Sawah-III (Tiga)',	'0',	'731',	'2',	'12',	'-',	'Sawah',	'2022-07-18 01:43:33',	'2022-07-18 01:43:33'),
(102,	74,	'4a',	'Sawah-III (Tiga)',	'0',	'423',	'1',	'23',	'-',	'Sawah',	'2022-07-18 01:44:15',	'2022-07-18 01:44:15'),
(103,	75,	'4a',	'Sawah-III (Tiga)',	'0',	'238',	'0',	'69',	'-',	'Sawah',	'2022-07-18 01:44:50',	'2022-07-18 01:44:50'),
(104,	76,	'4a',	'Sawah-III (Tiga)',	'0',	'244',	'0',	'71',	'-',	'Sawah',	'2022-07-18 01:45:26',	'2022-07-18 01:45:26'),
(105,	77,	'4a',	'Sawah-III (Tiga)',	'1',	'019',	'2',	'95',	'-',	'Sawah',	'2022-07-18 01:46:04',	'2022-07-18 01:46:04'),
(106,	78,	'4a',	'Sawah-III (Tiga)',	'0',	'744',	'2',	'16',	'-',	'Sawah',	'2022-07-18 01:46:41',	'2022-07-18 01:46:41'),
(107,	79,	'4a',	'Sawah-III (Tiga)',	'0',	'719',	'2',	'09',	'-',	'Sawah',	'2022-07-18 01:47:21',	'2022-07-18 01:47:21'),
(108,	81,	'4a',	'Sawah-III (Tiga)',	'0',	'306',	'0',	'89',	'-',	'Sawah',	'2022-07-18 01:48:03',	'2022-07-18 01:48:03'),
(109,	82,	'4a',	'Sawah-III (Tiga)',	'0',	'313',	'0',	'90',	'-',	'Sawah',	'2022-07-18 01:48:40',	'2022-07-18 01:48:40'),
(110,	83,	'4a',	'Sawah-III (Tiga)',	'0',	'422',	'1',	'23',	'-',	'Sawah',	'2022-07-18 01:49:15',	'2022-07-18 01:49:15'),
(111,	84,	'4a',	'Sawah-III (Tiga)',	'0',	'231',	'0',	'67',	'-',	'Sawah',	'2022-07-18 01:50:40',	'2022-07-18 01:50:40'),
(112,	85,	'4b',	'Sawah-IV (Empat)',	'0',	'484',	'0',	'63',	'-',	'Sawah',	'2022-07-18 01:59:29',	'2022-07-18 01:59:29'),
(113,	86,	'4b',	'Sawah-IV (Empat)',	'0',	'986',	'1',	'27',	'-',	'Sawah',	'2022-07-18 02:00:09',	'2022-07-18 02:00:09'),
(114,	87,	'4b',	'Sawah-IV (Empat)',	'1',	'001',	'1',	'29',	'-',	'Sawah',	'2022-07-18 02:00:45',	'2022-07-18 02:00:45'),
(115,	88,	'4b',	'Sawah-IV (Empat)',	'0',	'184',	'0',	'63',	'-',	'Sawah',	'2022-07-18 02:01:40',	'2022-07-18 02:01:40'),
(116,	89,	'4b',	'Sawah-IV (Empat)',	'0',	'205',	'0',	'27',	'-',	'Sawah',	'2022-07-18 02:02:21',	'2022-07-18 02:02:21'),
(117,	90,	'4b',	'Sawah-IV (Empat)',	'0',	'205',	'0',	'27',	'-',	'Sawah',	'2022-07-18 02:02:56',	'2022-07-18 02:02:56'),
(118,	91,	'4b',	'Sawah-IV (Empat)',	'0',	'205',	'0',	'27',	'-',	'Sawah',	'2022-07-18 02:03:31',	'2022-07-18 02:03:31'),
(119,	92,	'4b',	'Sawah-IV (Empat)',	'0',	'205',	'0',	'27',	'-',	'Sawah',	'2022-07-18 02:05:40',	'2022-07-18 02:05:40'),
(120,	93,	'5',	'Darat-I (Satu)',	'0',	'022',	'0',	'05',	'-',	'Kering',	'2022-07-18 02:08:45',	'2022-07-18 02:15:12'),
(121,	94,	'5',	'Darat-I (Satu)',	'0',	'072',	'0',	'17',	'-',	'Kering',	'2022-07-18 02:09:25',	'2022-07-18 02:15:35'),
(122,	74,	'5',	'Darat-I (Satu)',	'0',	'209',	'0',	'50',	'-',	'Kering',	'2022-07-18 02:09:57',	'2022-07-18 02:15:55'),
(123,	95,	'5',	'Darat-I (Satu)',	'0',	'081',	'0',	'19',	'-',	'Kering',	'2022-07-18 02:12:48',	'2022-07-18 02:16:17'),
(124,	96,	'5',	'Darat-I (Satu)',	'0',	'118',	'0',	'28',	'-',	'Kering',	'2022-07-18 02:13:25',	'2022-07-18 02:16:38'),
(125,	97,	'5',	'Darat-I (Satu)',	'0',	'023',	'0',	'06',	'-',	'Sawah',	'2022-07-18 02:14:00',	'2022-07-18 02:14:00'),
(126,	53,	'5',	'Darat-I (Satu)',	'0',	'152',	'0',	'37',	'-',	'Kering',	'2022-07-18 02:14:42',	'2022-07-18 02:14:42'),
(127,	98,	'5',	'Darat-I (Satu)',	'0',	'020',	'0',	'05',	'-',	'Kering',	'2022-07-18 02:22:35',	'2022-07-18 02:22:35'),
(128,	99,	'5',	'Darat-I (Satu)',	'0',	'021',	'0',	'05',	'-',	'Kering',	'2022-07-18 02:23:29',	'2022-07-18 02:23:29'),
(129,	100,	'5',	'Darat-I (Satu)',	'0',	'012',	'0',	'03',	'-',	'Kering',	'2022-07-18 02:24:21',	'2022-07-18 02:24:21'),
(130,	101,	'5',	'Darat-I (Satu)',	'0',	'128',	'0',	'32',	'-',	'Kering',	'2022-07-18 02:31:26',	'2022-07-18 02:31:26'),
(131,	102,	'5',	'Darat-I (Satu)',	'0',	'120',	'0',	'29',	'-',	'Kering',	'2022-07-18 02:32:03',	'2022-07-18 02:32:03'),
(132,	103,	'5',	'Darat-I (Satu)',	'0',	'185',	'0',	'45',	'-',	'Kering',	'2022-07-18 02:32:49',	'2022-07-18 02:32:49'),
(133,	104,	'5',	'Darat-I (Satu)',	'0',	'055',	'0',	'13',	'-',	'Kering',	'2022-07-18 02:33:27',	'2022-07-18 02:33:27'),
(134,	105,	'5',	'Darat-I (Satu)',	'0',	'060',	'0',	'14',	'-',	'Kering',	'2022-07-18 02:34:06',	'2022-07-18 02:34:06'),
(135,	106,	'5',	'Darat-I (Satu)',	'0',	'050',	'0',	'12',	'-',	'Kering',	'2022-07-18 02:34:57',	'2022-07-18 02:34:57'),
(136,	107,	'5',	'Darat-I (Satu)',	'0',	'059',	'0',	'14',	'-',	'Kering',	'2022-07-18 02:35:36',	'2022-07-18 02:35:36'),
(137,	107,	'5',	'Darat-I (Satu)',	'0',	'010',	'0',	'02',	'-',	'Kering',	'2022-07-18 02:36:00',	'2022-07-18 02:36:00'),
(139,	109,	'34',	'Darat-II (Dua)',	'0',	'036',	'0',	'05',	'-',	'Kering',	'2022-07-21 07:11:37',	'2022-07-21 07:11:37');

DROP TABLE IF EXISTS `data`;
CREATE TABLE `data` (
  `id` bigint unsigned NOT NULL AUTO_INCREMENT,
  `nama` varchar(50) CHARACTER SET utf8mb4 COLLATE utf8mb4_unicode_ci NOT NULL,
  `number` varchar(10) CHARACTER SET utf8mb4 COLLATE utf8mb4_unicode_ci NOT NULL,
  `file` varchar(255) CHARACTER SET utf8mb4 COLLATE utf8mb4_unicode_ci DEFAULT NULL,
  `keterangan` text CHARACTER SET utf8mb4 COLLATE utf8mb4_unicode_ci,
  `desa` varchar(50) COLLATE utf8mb4_unicode_ci DEFAULT NULL,
  `dusun` varchar(50) COLLATE utf8mb4_unicode_ci DEFAULT NULL,
  `created_at` timestamp NULL DEFAULT NULL,
  `updated_at` timestamp NULL DEFAULT NULL,
  `kab_kota` varchar(50) COLLATE utf8mb4_unicode_ci DEFAULT NULL,
  PRIMARY KEY (`id`)
) ENGINE=InnoDB DEFAULT CHARSET=utf8mb4 COLLATE=utf8mb4_unicode_ci;

INSERT INTO `data` (`id`, `nama`, `number`, `file`, `keterangan`, `desa`, `dusun`, `created_at`, `updated_at`, `kab_kota`) VALUES
(8,	'Dokromo B Dakir',	'36',	'IMG20220717115115_1658047841.jpg',	'Desa Kuwu Kecamatan Balerejo Kabupaten Madiun',	'Kuwu',	'Kepuh',	'2022-07-17 03:50:53',	'2022-07-28 11:11:52',	'Madiun'),
(9,	'Partoredjo B Parrman',	'228',	'IMG20220717115115_1658048980.jpg',	'Desa Kuwu Kecamatan Balerejo Kabupaten Madiun',	NULL,	NULL,	'2022-07-17 04:10:18',	'2022-07-17 09:09:40',	NULL),
(10,	'Jatmi B Partowijono',	'1087',	'IMG20220717115115_1658049398.jpg',	'Desa Kuwu Kecamatan Balerejo Kabupaten Madiun',	NULL,	NULL,	'2022-07-17 04:12:16',	'2022-07-17 09:16:38',	NULL),
(11,	'Kadinem B Mongsondikromo',	'1495',	'IMG20220717115115_1658049443.jpg',	'Desa Kuwu Kecamatan Balerejo Kabupaten Madiun',	NULL,	NULL,	'2022-07-17 04:14:27',	'2022-07-17 09:17:23',	NULL),
(12,	'Kadinah B Mongsondikromo',	'1496',	'IMG20220717115115_1658049650.jpg',	'Desa Kuwu Kecamatan Balerejo Kabupaten Madiun',	NULL,	NULL,	'2022-07-17 04:18:55',	'2022-07-17 09:20:50',	NULL),
(13,	'Lampen B Mongsondikromo',	'1505',	'IMG20220717115115_1658049755.jpg',	'Desa Kuwu Kecamatan Balerejo Kabupaten Madiun',	NULL,	NULL,	'2022-07-17 04:21:37',	'2022-07-17 09:22:35',	NULL),
(14,	'Ronosoedarmo B Rebo',	'230',	'IMG20220717115115_1658049291.jpg',	'Desa Kuwu  Kecamatan Balerejo Kabupaten Madiun',	NULL,	NULL,	'2022-07-17 04:24:08',	'2022-07-17 09:14:51',	NULL),
(15,	'Kromotirto  B Man',	'512',	'IMG20220717115115_1658049115.jpg',	'Desa Kuwu Kecamatan Balerejo Kabupaten Madiun',	NULL,	NULL,	'2022-07-17 04:25:34',	'2022-07-17 09:11:55',	NULL),
(16,	'Soemowijono B Soemedi',	'753',	'IMG20220717115115_1658049211.jpg',	'Desa Kuwu Kecamatan Balerejo Kabupaten Madiun',	NULL,	NULL,	'2022-07-17 04:27:17',	'2022-07-17 09:13:31',	NULL),
(17,	'Karsosentiko B Jah',	'872',	'IMG20220717115115_1658049584.jpg',	'Desa Kuwu Kecamatan Balerejo Kabupaten Madiun',	NULL,	NULL,	'2022-07-17 04:29:09',	'2022-07-17 09:19:44',	NULL),
(18,	'Dikem B Sonoredjo',	'873',	'IMG20220717115115_1658049485.jpg',	'Desa Kuwu Kecamatan Balerejo Kabupaten Madiun',	NULL,	NULL,	'2022-07-17 04:30:57',	'2022-07-17 09:18:05',	NULL),
(19,	'Mardi B  Marsinah',	'1030',	'IMG20220717115115_1658049254.jpg',	'Desa Kuwu Kecamtan Balerejo Kabupaten Madiun',	NULL,	NULL,	'2022-07-17 04:32:32',	'2022-07-17 09:14:15',	NULL),
(20,	'Marsinem B Setrodimedjo',	'1064',	'IMG20220717115115_1658049378.jpg',	'Desa Kuwu Kecamatan Balerejo Kabupaten  Madiun',	NULL,	NULL,	'2022-07-17 04:33:49',	'2022-07-17 09:16:18',	NULL),
(21,	'Soejadi B Darmoredjo',	'1218',	'IMG20220717115115_1658049416.jpg',	'Desa Kuwu Kecamatan Balerejo Kabupaten  Madiun',	NULL,	NULL,	'2022-07-17 04:35:53',	'2022-07-17 09:16:56',	NULL),
(22,	'Soetini B Somonijono',	'1559',	'IMG20220717115115_1658049632.jpg',	'Desa Kuwu Kecamatan Balerejo Kabupaten  Madiun',	NULL,	NULL,	'2022-07-17 04:37:03',	'2022-07-17 09:20:32',	NULL),
(23,	'Soeparmi B Widji',	'1575',	'IMG20220717115115_1658049715.jpg',	'Desa Kuwu Kecamatan Balerejo Kabupaten  Madiun',	NULL,	NULL,	'2022-07-17 04:38:38',	'2022-07-17 09:21:55',	NULL),
(24,	'Soetiran B Darmoredjo',	'1576',	'IMG20220717115115_1658049679.jpg',	'Desa Kuwu Kecamatan Balerejo Kabupaten  Madiun',	NULL,	NULL,	'2022-07-17 04:43:43',	'2022-07-17 09:21:19',	NULL),
(25,	'Soejati B Darmoredjo',	'1577',	'IMG20220717115115_1658049473.jpg',	'Desa Kuwu Kecamatan Balerejo Kabupaten  Madiun',	NULL,	NULL,	'2022-07-17 04:44:56',	'2022-07-17 09:17:53',	NULL),
(26,	'Maridjan B Dijokromo',	'45',	'IMG20220717115115_1658047858.jpg',	'Desa Kuwu Kecamatan Balerejo Kabupaten  Madiun',	NULL,	NULL,	'2022-07-17 04:49:13',	'2022-07-17 08:50:58',	NULL),
(27,	'Trodimedjo B Sainah',	'58',	'IMG20220717115115_1658048914.jpg',	'Desa Kuwu Kecamatan Balerejo Kabupaten  Madiun',	NULL,	NULL,	'2022-07-17 04:52:08',	'2022-07-17 09:08:34',	NULL),
(28,	'Sademi B Wonomedjo',	'403',	'scan 2_1658099402.jpg',	'Desa Kuwu Kecamatan Balerejo Kabupaten Madiun',	NULL,	NULL,	'2022-07-17 23:10:02',	'2022-07-17 23:10:02',	NULL),
(29,	'Sarmi B Kasmin',	'493',	'scan 2_1658099519.jpg',	'Desa Kuwu Kecamatan Balerejo Kabupaten Madiun',	NULL,	NULL,	'2022-07-17 23:11:59',	'2022-07-17 23:34:58',	NULL),
(30,	'Bedjo B Karjodjembling',	'875',	'scan 2_1658099620.jpg',	'Desa Kuwu Kecamatan Balerejo Kabupaten Madiun',	NULL,	NULL,	'2022-07-17 23:13:40',	'2022-07-17 23:13:40',	NULL),
(31,	'Inem B Sonodiredjo',	'909',	'scan 2_1658099719.jpg',	'Desa Kuwu Kecamatan Balerejo Kabupaten Madiun',	NULL,	NULL,	'2022-07-17 23:15:19',	'2022-07-17 23:15:19',	NULL),
(32,	'Poudjo B Painem',	'1037',	'scan 2_1658099806.jpg',	'Desa Kuwu Kecamatan Balerejo Kabupaten Madiun',	NULL,	NULL,	'2022-07-17 23:16:46',	'2022-07-17 23:16:46',	NULL),
(33,	'Lasemin B Romlas',	'1068',	'scan 2_1658099903.jpg',	'Desa Kuwu Kecamatan Balerejo Kabupaten Madiun',	NULL,	NULL,	'2022-07-17 23:18:23',	'2022-07-17 23:18:54',	NULL),
(34,	'Siswono B Rebo',	'1090',	'scan 2_1658100016.jpg',	'Desa Kuwu Kecamatan Balerejo Kabupaten Madiun',	NULL,	NULL,	'2022-07-17 23:20:16',	'2022-07-17 23:20:16',	NULL),
(35,	'Soewarno B Kartowibowo',	'1106',	'scan 2_1658100130.jpg',	'Desa Kuwu Kecamatan Balerejo Kabupaten Madiun',	NULL,	NULL,	'2022-07-17 23:22:10',	'2022-07-17 23:22:10',	NULL),
(36,	'Sarijem B Kasmin',	'1226',	'scan 2_1658100188.jpg',	'Desa Kuwu Kecamatan Balerejo Kabupaten Madiun',	NULL,	NULL,	'2022-07-17 23:23:08',	'2022-07-17 23:23:08',	NULL),
(37,	'Tawar B Sonodiwerjo',	'1256',	'scan 2_1658100231.jpg',	'Desa Kuwu Kecamatan Balerejo Kabupaten Madiun',	NULL,	NULL,	'2022-07-17 23:23:51',	'2022-07-17 23:23:51',	NULL),
(38,	'Soeparlan B Amadardjo',	'1282',	'scan 2_1658100297.jpg',	'Desa Kuwu Kecamatan Balerejo Kabupaten Madiun',	NULL,	NULL,	'2022-07-17 23:24:57',	'2022-07-17 23:24:57',	NULL),
(39,	'Hardjo Warno B Karsodimedjo',	'1480',	'scan 2_1658100347.jpg',	'Desa Kuwu Kecamatan Balerejo Kabupaten Madiun',	NULL,	NULL,	'2022-07-17 23:25:47',	'2022-07-17 23:25:47',	NULL),
(40,	'Jatin B Karsodimedjo',	'1484',	'scan 2_1658100386.jpg',	'Desa Kuwu Kecamatan Balerejo Kabupaten Madiun',	NULL,	NULL,	'2022-07-17 23:26:26',	'2022-07-17 23:26:26',	NULL),
(41,	'Kasmi B Marijem',	'1497',	'scan 2_1658100422.jpg',	'Desa Kuwu Kecamatan Balerejo Kabupaten Madiun',	NULL,	NULL,	'2022-07-17 23:27:02',	'2022-07-17 23:27:02',	NULL),
(42,	'Karni B Marijem',	'1227',	'scan 2_1658101423.jpg',	'Desa Kuwu Kecamatan Balerejo Kabupaten Madiun',	NULL,	NULL,	'2022-07-17 23:43:43',	'2022-07-17 23:43:43',	NULL),
(43,	'Dijoredjo  B Senen',	'511',	'scan 2_1658101607.jpg',	'Desa Kuwu Kecamatan Balerejo Kabupaten Madiun',	NULL,	NULL,	'2022-07-17 23:46:47',	'2022-07-17 23:46:47',	NULL),
(44,	'Minem B Rorodikromo',	'560',	'scan 2_1658101665.jpg',	'Desa Kuwu Kecamatan Balerejo Kabupaten Madiun',	NULL,	NULL,	'2022-07-17 23:47:45',	'2022-07-17 23:47:45',	NULL),
(45,	'Martosentono B Mari',	'619',	'scan 2_1658101699.jpg',	'Desa Kuwu Kecamatan Balerejo Kabupaten Madiun',	NULL,	NULL,	'2022-07-17 23:48:19',	'2022-07-17 23:48:19',	NULL),
(46,	'Radi B Ronosemito',	'669',	'scan 2_1658101745.jpg',	'Desa Kuwu Kecamatan Balerejo Kabupaten Madiun',	NULL,	NULL,	'2022-07-17 23:49:05',	'2022-07-18 01:20:28',	NULL),
(47,	'Tanem B Karsotarno',	'818',	'scan 2_1658101781.jpg',	'Desa Kuwu Kecamatan Balerejo Kabupaten Madiun',	NULL,	NULL,	'2022-07-17 23:49:41',	'2022-07-18 01:21:14',	NULL),
(48,	'Sanem B Sodimedjo',	'820',	'scan 2_1658101812.jpg',	'Desa Kuwu Kecamatan Balerejo Kabupaten Madiun',	NULL,	NULL,	'2022-07-17 23:50:12',	'2022-07-18 01:21:34',	NULL),
(49,	'Sojem B Sodimedjo',	'821',	'Scan 3_1658104828.jpg',	'Desa Kuwu Kecamatan Balerejo Kabupaten Madiun',	NULL,	NULL,	'2022-07-18 00:40:28',	'2022-07-18 00:40:28',	NULL),
(50,	'Soeminem B Sodimedjo',	'822',	'Scan 3_1658104876.jpg',	'Desa Kuwu Kecamatan Balerejo Kabupaten Madiun',	NULL,	NULL,	'2022-07-18 00:41:16',	'2022-07-18 00:41:16',	NULL),
(51,	'Semo B Kliwon',	'944',	'Scan 3_1658104915.jpg',	'Desa Kuwu Kecamatan Balerejo Kabupaten Madiun',	NULL,	NULL,	'2022-07-18 00:41:56',	'2022-07-18 00:41:56',	NULL),
(52,	'Warno B Kartotareno',	'985',	'Scan 3_1658104986.jpg',	'Desa Kuwu Kecamatan Balerejo Kabupaten Madiun',	NULL,	NULL,	'2022-07-18 00:43:06',	'2022-07-18 00:43:06',	NULL),
(53,	'Djajem B Lono',	'1034',	'Scan 3_1658105019.jpg',	'Desa Kuwu Kecamatan Balerejo Kabupaten Madiun',	NULL,	NULL,	'2022-07-18 00:43:39',	'2022-07-18 00:43:39',	NULL),
(54,	'Kartodikromo B Kamin',	'1230',	'Scan 3_1658105059.jpg',	'Desa Kuwu Kecamatan Balerejo Kabupaten Madiun',	NULL,	NULL,	'2022-07-18 00:44:19',	'2022-07-18 00:44:19',	NULL),
(55,	'Lestari Wirjodikromo',	'1254',	'Scan 3_1658105094.jpg',	'Desa Kuwu Kecamatan Balerejo Kabupaten Madiun',	NULL,	NULL,	'2022-07-18 00:44:54',	'2022-07-18 00:44:54',	NULL),
(56,	'Rebo B Dasinem',	'1544',	'Scan 3_1658105132.jpg',	'Desa Kuwu Kecamatan Balerejo Kabupaten Madiun',	NULL,	NULL,	'2022-07-18 00:45:32',	'2022-07-18 00:45:32',	NULL),
(57,	'Satinem B Astrosemi',	'1574',	'Scan 3_1658105167.jpg',	'Desa Kuwu Kecamatan Balerejo Kabupaten Madiun',	NULL,	NULL,	'2022-07-18 00:46:07',	'2022-07-18 00:46:07',	NULL),
(58,	'Sonohardjo B Samin',	'271',	'Scan 3_1658105600.jpg',	'Desa Kuwu Kecamatan Balerejo Kabupaten Madiun',	NULL,	NULL,	'2022-07-18 00:53:20',	'2022-07-18 00:53:20',	NULL),
(59,	'Kamsijem B Sonotarno',	'411',	'Scan 3_1658105657.jpg',	'Desa Kuwu Kecamatan Balerejo Kabupaten Madiun',	NULL,	NULL,	'2022-07-18 00:54:17',	'2022-07-18 00:54:17',	NULL),
(60,	'Karsodimedjo B Sotrem',	'432',	'Scan 3_1658105686.jpg',	'Desa Kuwu Kecamatan Balerejo Kabupaten Madiun',	NULL,	NULL,	'2022-07-18 00:54:46',	'2022-07-18 00:54:46',	NULL),
(61,	'Towarso B Doto',	'1036',	'Scan 3_1658105716.jpg',	'Desa Kuwu Kecamatan Balerejo Kabupaten Madiun',	NULL,	NULL,	'2022-07-18 00:55:16',	'2022-07-18 00:55:16',	NULL),
(62,	'Sonodimedjo B Saridjan',	'1158',	'Scan 3_1658105750.jpg',	'Desa Kuwu Kecamatan Balerejo Kabupaten Madiun',	NULL,	NULL,	'2022-07-18 00:55:50',	'2022-07-18 00:55:50',	NULL),
(63,	'Slamet B Wirjodikromo',	'1207',	'Scan 3_1658105788.jpg',	'Desa Kuwu Kecamatan Balerejo Kabupaten Madiun',	NULL,	NULL,	'2022-07-18 00:56:29',	'2022-07-18 00:56:29',	NULL),
(64,	'Tamin B Sonoredjo',	'1300',	'Scan 3_1658105824.jpg',	'Desa Kuwu Kecamatan Balerejo Kabupaten Madiun',	NULL,	NULL,	'2022-07-18 00:57:04',	'2022-07-18 00:57:04',	NULL),
(65,	'Sojem B Sonoredjo',	'1301',	'Scan 3_1658105894.jpg',	'Desa Kuwu Kecamatan Balerejo Kabupaten Madiun',	NULL,	NULL,	'2022-07-18 00:58:14',	'2022-07-18 00:58:14',	NULL),
(66,	'Sanem B Sonoredjo',	'1302',	'Scan 3_1658105933.jpg',	'Desa Kuwu Kecamatan Balerejo Kabupaten Madiun',	NULL,	NULL,	'2022-07-18 00:58:53',	'2022-07-18 00:58:53',	NULL),
(67,	'Inem  B Setrodirjo',	'1482',	'Scan 3_1658105982.jpg',	'Desa Kuwu Kecamatan Balerejo Kabupaten Madiun',	NULL,	NULL,	'2022-07-18 00:59:42',	'2022-07-18 00:59:42',	NULL),
(68,	'Djaminem B Partopaidi',	'1611',	'Scan 3_1658106012.jpg',	'Desa Kuwu Kecamatan Balerejo Kabupaten Madiun',	NULL,	NULL,	'2022-07-18 01:00:12',	'2022-07-18 01:00:12',	NULL),
(69,	'Soekarini B Hardjosoedarmo',	'513',	'Scan 3_1658106350.jpg',	'Desa Kuwu Kecamatan Balerejo Kabupaten Madiun',	NULL,	NULL,	'2022-07-18 01:05:50',	'2022-07-18 01:05:50',	NULL),
(70,	'Warseni B Admodimedjo',	'22',	'Scan 4_1658107573.jpg',	'Dusun Singge Desa Kuwu Kecamatan Balerejo Kabupaten Madiun',	NULL,	NULL,	'2022-07-18 01:26:13',	'2022-07-27 13:56:17',	NULL),
(71,	'Senah B Martodikromo',	'167',	'Scan 4_1658107607.jpg',	'Desa Kuwu Kecamatan Balerejo Kabupaten Madiun',	NULL,	NULL,	'2022-07-18 01:26:47',	'2022-07-18 01:26:47',	NULL),
(72,	'Djanem B Sonodimedjo',	'283',	'Scan 4_1658107693.jpg',	'Desa Kuwu Kecamatan Balerejo Kabupaten Madiun',	NULL,	NULL,	'2022-07-18 01:28:13',	'2022-07-18 01:28:13',	NULL),
(73,	'Karsodimedjo B Kadijo',	'475',	'Scan 4_1658107802.jpg',	'Desa Kuwu Kecamatan Balerejo Kabupaten Madiun',	NULL,	NULL,	'2022-07-18 01:30:02',	'2022-07-18 01:30:02',	NULL),
(74,	'Koni B Donosentiko',	'660',	'Scan 4_1658107903.jpg',	'Desa Kuwu Kecamatan Balerejo Kabupaten Madiun',	NULL,	NULL,	'2022-07-18 01:31:43',	'2022-07-18 01:51:11',	NULL),
(75,	'Toembok B Setroredjo',	'767',	'Scan 4_1658107958.jpg',	'Desa Kuwu Kecamatan Balerejo Kabupaten Madiun',	NULL,	NULL,	'2022-07-18 01:32:38',	'2022-07-18 01:32:38',	NULL),
(76,	'Paeran B Partodirjo',	'775',	'Scan 4_1658107990.jpg',	'Desa Kuwu Kecamatan Balerejo Kabupaten Madiun',	NULL,	NULL,	'2022-07-18 01:33:10',	'2022-07-18 01:33:10',	NULL),
(77,	'Partoredjo B Diran',	'884',	'Scan 4_1658108019.jpg',	'Desa Kuwu Kecamatan Balerejo Kabupaten Madiun',	NULL,	NULL,	'2022-07-18 01:33:39',	'2022-07-18 01:33:39',	NULL),
(78,	'Soeto B Soedikin',	'945',	'Scan 4_1658108091.jpg',	'Desa Kuwu Kecamatan Balerejo Kabupaten Madiun',	NULL,	NULL,	'2022-07-18 01:34:51',	'2022-07-18 01:34:51',	NULL),
(79,	'Wedji B Martosoemardjo',	'1261',	'Scan 4_1658108131.jpg',	'Desa Kuwu Kecamatan Balerejo Kabupaten Madiun',	NULL,	NULL,	'2022-07-18 01:35:31',	'2022-07-18 01:35:31',	NULL),
(80,	'Sati B Soredjo',	'1362',	'Scan 4_1658108164.jpg',	'Desa Kuwu Kecamatan Balerejo Kabupaten Madiun',	NULL,	NULL,	'2022-07-18 01:36:04',	'2022-07-18 01:36:04',	NULL),
(81,	'Soemirah B Kromoreso',	'1426',	'Scan 4_1658108203.jpg',	'Desa Kuwu Kecamatan Balerejo Kabupaten Madiun',	NULL,	NULL,	'2022-07-18 01:36:43',	'2022-07-18 01:36:43',	NULL),
(82,	'Padi',	'1711',	'Scan 4_1658108226.jpg',	'Desa Kuwu Kecamatan Balerejo Kabupaten Madiun',	NULL,	NULL,	'2022-07-18 01:37:06',	'2022-07-18 01:37:06',	NULL),
(83,	'Sari B Koni',	'1719',	'Scan 4_1658108258.jpg',	'Desa Kuwu Kecamatan Balerejo Kabupaten Madiun',	NULL,	NULL,	'2022-07-18 01:37:38',	'2022-07-18 01:37:38',	NULL),
(84,	'Kasinem B Tjonggolo',	'1335',	'Scan 4_1658108298.jpg',	'Desa Kuwu Kecamatan Balerejo Kabupaten Madiun',	NULL,	NULL,	'2022-07-18 01:38:18',	'2022-07-18 01:38:18',	NULL),
(85,	'Makinah B Kartoredjo',	'532',	'Scan 4_1658109194.jpg',	'Desa Kuwu Kecamatan Balerejo Kabupaten Madiun',	NULL,	NULL,	'2022-07-18 01:53:15',	'2022-07-18 01:53:15',	NULL),
(86,	'Admodimedjo B Warsi',	'876',	'Scan 4_1658109248.jpg',	'Desa Kuwu Kecamatan Balerejo Kabupaten Madiun',	NULL,	NULL,	'2022-07-18 01:54:08',	'2022-07-18 01:54:08',	NULL),
(87,	'Wijani B Sonojono',	'1235',	'Scan 4_1658109281.jpg',	'Desa Kuwu Kecamatan Balerejo Kabupaten Madiun',	NULL,	NULL,	'2022-07-18 01:54:41',	'2022-07-18 02:04:57',	NULL),
(88,	'Kartosentiko B Kamimin',	'1391',	'Scan 4_1658109381.jpg',	'Desa Kuwu Kecamatan Balerejo Kabupaten Madiun',	NULL,	NULL,	'2022-07-18 01:56:21',	'2022-07-18 01:56:21',	NULL),
(89,	'Parmi B Somojono',	'1406',	'Scan 4_1658109416.jpg',	'Desa Kuwu Kecamatan Balerejo Kabupaten Madiun',	NULL,	NULL,	'2022-07-18 01:56:56',	'2022-07-18 01:56:56',	NULL),
(90,	'Soeminem B Somojono',	'1427',	'Scan 5_1658109472.jpg',	'Desa Kuwu Kecamatan Balerejo Kabupaten Madiun',	NULL,	NULL,	'2022-07-18 01:57:52',	'2022-07-18 01:57:52',	NULL),
(91,	'Sadijem B Somojono',	'1428',	'Scan 5_1658109501.jpg',	'Desa Kuwu Kecamatan Balerejo Kabupaten Madiun',	NULL,	NULL,	'2022-07-18 01:58:21',	'2022-07-18 01:58:21',	NULL),
(92,	'Sodinem B Somojono',	'1429',	'Scan 5_1658109877.jpg',	'Desa Kuwu Kecamatan Balerejo Kabupaten Madiun',	NULL,	NULL,	'2022-07-18 02:04:37',	'2022-07-18 02:06:47',	NULL),
(93,	'Sanem B Sembling',	'442',	'Scan 5_1658110048.jpg',	'Desa Kuwu Kecamatan Balerejo Kabupaten Madiun',	NULL,	NULL,	'2022-07-18 02:07:28',	'2022-07-18 02:07:28',	NULL),
(94,	'Resodimedjo B Beni',	'495',	'Scan 5_1658110081.jpg',	'Desa Kuwu Kecamatan Balerejo Kabupaten Madiun',	NULL,	NULL,	'2022-07-18 02:08:01',	'2022-07-18 02:08:01',	NULL),
(95,	'Soewardjo B Doto',	'855',	'Scan 5_1658110254.jpg',	'Desa Kuwu Kecamatan Balerejo Kabupaten Madiun',	NULL,	NULL,	'2022-07-18 02:10:54',	'2022-07-18 02:10:54',	NULL),
(96,	'Kartosentiko B Lono',	'885',	'Scan 5_1658110289.jpg',	'Desa Kuwu Kecamatan Balerejo Kabupaten Madiun',	NULL,	NULL,	'2022-07-18 02:11:29',	'2022-07-18 02:11:29',	NULL),
(97,	'Ronokarso B Inem',	'983',	'Scan 5_1658110325.jpg',	'Desa Kuwu Kecamatan Balerejo Kabupaten Madiun',	NULL,	NULL,	'2022-07-18 02:12:05',	'2022-07-18 02:12:05',	NULL),
(98,	'Sarinem B Kaiman',	'1076',	'Scan 5_1658110772.jpg',	'Desa Kuwu Kecamatan Balerejo Kabupaten Madiun',	NULL,	NULL,	'2022-07-18 02:19:32',	'2022-07-18 02:19:32',	NULL),
(99,	'Lampen B Kaiman',	'1077',	'Scan 5_1658110803.jpg',	'Desa Kuwu Kecamatan Balerejo Kabupaten Madiun',	NULL,	NULL,	'2022-07-18 02:20:03',	'2022-07-18 02:20:03',	NULL),
(100,	'Jatinem B Kaiman',	'1078',	'Scan 5_1658110837.jpg',	'Desa Kuwu Kecamatan Balerejo Kabupaten Madiun',	NULL,	NULL,	'2022-07-18 02:20:37',	'2022-07-18 02:20:37',	NULL),
(101,	'Kardi B Kartosentiko',	'1222',	'Scan 5_1658111131.jpg',	'Desa Kuwu Kecamatan Balerejo Kabupaten Madiun',	NULL,	NULL,	'2022-07-18 02:25:31',	'2022-07-18 02:25:31',	NULL),
(102,	'Amat B Slamet',	'1328',	'Scan 5_1658111163.jpg',	'Desa Kuwu Kecamatan Balerejo Kabupaten Madiun',	NULL,	NULL,	'2022-07-18 02:26:03',	'2022-07-18 02:26:03',	NULL),
(103,	'Djaminem B B.Waris',	'1331',	'Scan 5_1658111207.jpg',	'Desa Kuwu Kecamatan Balerejo Kabupaten Madiun',	NULL,	NULL,	'2022-07-18 02:26:47',	'2022-07-18 02:26:47',	NULL),
(104,	'Kadimin B Tarijoredjo',	'1337',	'Scan 5_1658111256.jpg',	'Desa Kuwu Kecamatan Balerejo Kabupaten Madiun',	NULL,	NULL,	'2022-07-18 02:27:36',	'2022-07-18 02:27:36',	NULL),
(105,	'Njimpen B Jatinem',	'1348',	'Scan 5_1658111320.jpg',	'Desa Kuwu Kecamatan Balerejo Kabupaten Madiun',	NULL,	NULL,	'2022-07-18 02:28:40',	'2022-07-18 02:28:40',	NULL),
(106,	'Ranti B Karijoredjo',	'1358',	'Scan 5_1658111395.jpg',	'Desa Kuwu Kecamatan Balerejo Kabupaten Madiun',	NULL,	NULL,	'2022-07-18 02:29:55',	'2022-07-18 02:29:55',	NULL),
(107,	'Sadimoen B Jatinem',	'1360',	'Scan 5_1658111441.jpg',	'Desa Kuwu Kecamatan Balerejo Kabupaten Madiun',	NULL,	NULL,	'2022-07-18 02:30:41',	'2022-07-18 02:30:41',	NULL),
(109,	'Waginah Kartowongso',	'1168',	'Scan01_1658387434.jpg',	'Desa Kuwu Kecamatan Balerejo Kabupaten Madiun',	NULL,	NULL,	'2022-07-21 07:10:34',	'2022-07-21 07:10:34',	NULL);

DROP TABLE IF EXISTS `failed_jobs`;
CREATE TABLE `failed_jobs` (
  `id` bigint unsigned NOT NULL AUTO_INCREMENT,
  `uuid` varchar(255) CHARACTER SET utf8mb4 COLLATE utf8mb4_unicode_ci NOT NULL,
  `connection` text CHARACTER SET utf8mb4 COLLATE utf8mb4_unicode_ci NOT NULL,
  `queue` text CHARACTER SET utf8mb4 COLLATE utf8mb4_unicode_ci NOT NULL,
  `payload` longtext CHARACTER SET utf8mb4 COLLATE utf8mb4_unicode_ci NOT NULL,
  `exception` longtext CHARACTER SET utf8mb4 COLLATE utf8mb4_unicode_ci NOT NULL,
  `failed_at` timestamp NOT NULL DEFAULT CURRENT_TIMESTAMP,
  PRIMARY KEY (`id`),
  UNIQUE KEY `failed_jobs_uuid_unique` (`uuid`)
) ENGINE=InnoDB DEFAULT CHARSET=utf8mb4 COLLATE=utf8mb4_unicode_ci;


DROP TABLE IF EXISTS `migrations`;
CREATE TABLE `migrations` (
  `id` int unsigned NOT NULL AUTO_INCREMENT,
  `migration` varchar(255) CHARACTER SET utf8mb4 COLLATE utf8mb4_unicode_ci NOT NULL,
  `batch` int NOT NULL,
  PRIMARY KEY (`id`)
) ENGINE=InnoDB DEFAULT CHARSET=utf8mb4 COLLATE=utf8mb4_unicode_ci;

INSERT INTO `migrations` (`id`, `migration`, `batch`) VALUES
(1,	'2014_10_12_000000_create_users_table',	1),
(2,	'2014_10_12_100000_create_password_resets_table',	1),
(3,	'2019_08_19_000000_create_failed_jobs_table',	1),
(4,	'2019_12_14_000001_create_personal_access_tokens_table',	1),
(5,	'2022_06_08_121945_add_role_to_users_table',	1),
(6,	'2022_06_14_234241_create_data_table',	1),
(7,	'2022_06_15_234351_create_assets_table',	1),
(8,	'2022_07_28_180328_add_dusun_to_data_table',	2),
(9,	'2022_07_28_180340_add_desa_to_data_table',	2),
(10,	'2022_07_28_180359_add_kab_kota_to_data_table',	2);

DROP TABLE IF EXISTS `password_resets`;
CREATE TABLE `password_resets` (
  `email` varchar(255) CHARACTER SET utf8mb4 COLLATE utf8mb4_unicode_ci NOT NULL,
  `token` varchar(255) CHARACTER SET utf8mb4 COLLATE utf8mb4_unicode_ci NOT NULL,
  `created_at` timestamp NULL DEFAULT NULL,
  KEY `password_resets_email_index` (`email`)
) ENGINE=InnoDB DEFAULT CHARSET=utf8mb4 COLLATE=utf8mb4_unicode_ci;


DROP TABLE IF EXISTS `personal_access_tokens`;
CREATE TABLE `personal_access_tokens` (
  `id` bigint unsigned NOT NULL AUTO_INCREMENT,
  `tokenable_type` varchar(255) CHARACTER SET utf8mb4 COLLATE utf8mb4_unicode_ci NOT NULL,
  `tokenable_id` bigint unsigned NOT NULL,
  `name` varchar(255) CHARACTER SET utf8mb4 COLLATE utf8mb4_unicode_ci NOT NULL,
  `token` varchar(64) CHARACTER SET utf8mb4 COLLATE utf8mb4_unicode_ci NOT NULL,
  `abilities` text CHARACTER SET utf8mb4 COLLATE utf8mb4_unicode_ci,
  `last_used_at` timestamp NULL DEFAULT NULL,
  `created_at` timestamp NULL DEFAULT NULL,
  `updated_at` timestamp NULL DEFAULT NULL,
  PRIMARY KEY (`id`),
  UNIQUE KEY `personal_access_tokens_token_unique` (`token`),
  KEY `personal_access_tokens_tokenable_type_tokenable_id_index` (`tokenable_type`,`tokenable_id`)
) ENGINE=InnoDB DEFAULT CHARSET=utf8mb4 COLLATE=utf8mb4_unicode_ci;


DROP TABLE IF EXISTS `users`;
CREATE TABLE `users` (
  `id` bigint unsigned NOT NULL AUTO_INCREMENT,
  `name` varchar(30) CHARACTER SET utf8mb4 COLLATE utf8mb4_unicode_ci NOT NULL,
  `email` varchar(255) CHARACTER SET utf8mb4 COLLATE utf8mb4_unicode_ci NOT NULL,
  `email_verified_at` timestamp NULL DEFAULT NULL,
  `password` varchar(255) CHARACTER SET utf8mb4 COLLATE utf8mb4_unicode_ci NOT NULL,
  `role` int NOT NULL,
  `remember_token` varchar(100) CHARACTER SET utf8mb4 COLLATE utf8mb4_unicode_ci DEFAULT NULL,
  `created_at` timestamp NULL DEFAULT NULL,
  `updated_at` timestamp NULL DEFAULT NULL,
  PRIMARY KEY (`id`),
  UNIQUE KEY `users_email_unique` (`email`)
) ENGINE=InnoDB DEFAULT CHARSET=utf8mb4 COLLATE=utf8mb4_unicode_ci;

INSERT INTO `users` (`id`, `name`, `email`, `email_verified_at`, `password`, `role`, `remember_token`, `created_at`, `updated_at`) VALUES
(1,	'Administrator',	'admin@gmail.com',	NULL,	'$2y$10$X3L4s/XyaymHJ6qfjJBKf.iNVS5lZBoOTbuOTOiCa25GGfZpcJdPC',	1,	NULL,	NULL,	NULL),
(2,	'Kepala Desa',	'kades@gmail.com',	NULL,	'$2y$10$m3RlrE/0E4aUsJJKfpEbaOdflIH5yjimP3/pMA5.7IbJ90UJTuKkS',	2,	NULL,	NULL,	NULL);

-- 2022-07-28 12:48:33
